{  
   "mocap_target1":{
      "name":"target1",
      "marker4":{
         "y":0.8121280074119568,
         "x":-3.0052330493927,
         "z":1.2687002420425415
      },
      "frame":1243884,
      "marker1":{
         "y":0.8138397932052612,
         "x":-3.0820324420928955,
         "z":1.3705765008926392
      },
      "marker3":{
         "y":0.8125203847885132,
         "x":-3.0178568363189697,
         "z":1.370245099067688
      },
      "marker2":{
         "y":0.8139135241508484,
         "x":-3.081951856613159,
         "z":1.2542681694030762
      },
      "mocaptimestamp":34603.1719921,
      "position":{
         "y":0.8131003379821777,
         "x":-3.0467684268951416,
         "z":1.3159475326538086
      },
      "rotation":{
         "y":2.3824650270398706e-06,
         "x":-1.0701196515583433e-05,
         "z":1.9223429262638092e-05,
         "w":-1.0
      },
      "id":2,
      "localtime":1511138724.6466603
   },
   "mocap_glasses1":{
      "name":"glasses1",
      "marker4":{
         "y":0.9546578526496887,
         "x":-4.62416934967041,
         "z":2.4623360633850098
      },
      "frame":1243884,
      "marker1":{
         "y":0.9499883651733398,
         "x":-4.5850605964660645,
         "z":2.518827438354492
      },
      "marker3":{
         "y":0.9483512043952942,
         "x":-4.766242980957031,
         "z":2.518057346343994
      },
      "marker2":{
         "y":0.9416577219963074,
         "x":-4.7567338943481445,
         "z":2.5682265758514404
      },
      "mocaptimestamp":34603.1719921,
      "position":{
         "y":0.9486637711524963,
         "x":-4.683051586151123,
         "z":2.516861915588379
      },
      "rotation":{
         "y":-0.8100244402885437,
         "x":0.03251512348651886,
         "z":0.01980029232800007,
         "w":-0.5851590037345886
      },
      "id":1,
      "localtime":1511138724.6466603
   },
   "mocap_target2":{
      "name":"target2",
      "marker4":{
         "y":0.5635424852371216,
         "x":-2.6178488731384277,
         "z":4.162487983703613
      },
      "frame":1243884,
      "marker1":{
         "y":0.5650076866149902,
         "x":-2.7018988132476807,
         "z":4.124541759490967
      },
      "marker3":{
         "y":0.5635974407196045,
         "x":-2.6328799724578857,
         "z":4.239823341369629
      },
      "marker2":{
         "y":0.5645341873168945,
         "x":-2.6987645626068115,
         "z":4.241466522216797
      },
      "mocaptimestamp":34603.1719921,
      "position":{
         "y":0.5641704797744751,
         "x":-2.6628479957580566,
         "z":4.192079544067383
      },
      "rotation":{
         "y":-2.512839091650676e-05,
         "x":-6.7712971940636635e-06,
         "z":1.0973308235406876e-06,
         "w":-1.0
      },
      "id":3,
      "localtime":1511138724.6466603
   }
}
